{
    "rmse": 5.066624958018867,
    "mae": 3.2946245699606003,
    "r2": 0.6499473045172346
}